0x62dacf07,65536,8192,2,0x00000001,BOXXLE
0xdddd1396,65536,256,2,0x00000001,The BLACK ONYX
0xfee15196,32768,2048,3,0x00000001,Lord of the Dungeon
0x1053f610,24576,2048,3,0x00000001,Lord of the Dungeon
0x11777b27,65536,0,1,0x00000000,MARIO BROS.
0xf3ccacb3,131072,0,1,0x00000000,PAC-MAN COLLECTION
0xa59eaa2b,262144,0,1,0x00000000,Princess Quest
0xc89d281d,131072,0,1,0x00000000,ZOMBIE NEAR
0xc4f1a85a,262144,0,1,0x00000002,Buck Rogers
0x4928b5f5,32768,0,0,0x00000002,Caverns Of Titan
0x960f7086,32768,0,0,0x00000002,Cold Blood
0x0246bdb1,32768,0,0,0x00000002,Danger Tower
0x77900970,131072,0,1,0x00000002,Deep Dungeon Adventure
0x12ceee08,262144,0,1,0x00000002,Dragons Lair
0x87a49761,32768,0,0,0x00000002,Heroes Arena
0xae7614c3,32768,0,0,0x00000002,Jetpac
0x0a2ac883,32768,0,0,0x00000002,Kings Valley
0x53da40bc,131072,0,1,0x00000002,Mecha 8
0x10e8dd09,32768,0,0,0x00000002,Shmup
0x89c2b16f,32768,0,0,0x00000002,Shouganai
0xf55f499e,32768,0,0,0x00000002,Stray Cat
0xeac71b43,131072,0,1,0x00000002,Subroc
0xabc4763d,8192,0,0,0x00000002,Super Game Module Test
0x09e3fdda,131072,0,1,0x00000002,Thexder
0xaad0f224,32768,0,0,0x00000002,Traffic Jam
0x28bdf665,32768,0,0,0x00000002,Txupinazo
0xa5a90f63,131072,0,1,0x00000002,Zaxxon
